,ID,default payment next month
0,12826,0
1,7700,0
2,1976,0
3,16714,1
4,2146,0
5,29578,0
6,16515,0
7,26323,0
8,25280,0
9,23888,0
10,6684,0
11,14372,0
12,5549,0
13,17284,0
14,14924,0
15,12257,0
16,24546,0
17,12899,0
18,5649,0
19,1736,0
20,23421,0
21,22527,0
22,15351,0
23,28171,0
24,7379,0
25,18710,0
26,27596,0
27,23927,0
28,26359,0
29,13557,0
30,28563,0
31,24528,0
32,23851,0
33,230,0
34,10364,0
35,27325,0
36,25340,0
37,2768,0
38,3087,0
39,3338,0
40,8718,0
41,5904,0
42,13924,0
43,16479,0
44,4584,1
45,29626,0
46,20655,0
47,6297,0
48,28268,0
49,21280,0
50,6179,0
51,13006,0
52,26194,0
53,22699,0
54,24477,0
55,18230,0
56,21270,0
57,26488,0
58,26921,0
59,10406,0
60,4641,1
61,19295,0
62,3070,0
63,24105,0
64,1384,0
65,29816,0
66,27880,0
67,16704,0
68,1705,0
69,27083,0
70,25292,0
71,14813,0
72,14722,0
73,6596,0
74,2819,0
75,20953,0
76,3745,0
77,16480,0
78,17361,0
79,25502,0
80,16406,0
81,28366,0
82,442,0
83,6361,0
84,22982,0
85,17473,0
86,25376,0
87,28124,0
88,21997,0
89,17114,0
90,20300,0
91,24995,0
92,27104,0
93,9514,0
94,14279,0
95,17211,0
96,25532,0
97,11110,0
98,17052,0
99,16697,0
100,14162,0
101,3389,0
102,18108,0
103,3294,0
104,23843,0
105,25858,0
106,19139,0
107,26116,0
108,21615,0
109,18478,0
110,24391,0
111,10035,0
112,7380,0
113,2096,0
114,5774,0
115,26813,0
116,8778,0
117,15426,0
118,10216,1
119,15820,0
120,5565,0
121,22967,0
122,16460,0
123,8526,0
124,3834,0
125,9843,0
126,26386,0
127,29126,0
128,19718,0
129,7013,0
130,25980,0
131,5308,0
132,28692,0
133,20002,0
134,13353,0
135,18735,0
136,24082,0
137,23425,0
138,7625,0
139,13128,0
140,1563,0
141,23996,0
142,20206,0
143,19116,0
144,5740,0
145,25524,0
146,9598,0
147,11916,0
148,4093,0
149,22802,0
150,14679,0
151,3127,0
152,25832,0
153,15778,0
154,6288,0
155,758,0
156,26581,0
157,8380,0
158,8992,0
159,3946,0
160,25262,0
161,10615,0
162,29189,0
163,2606,0
164,13925,0
165,8327,0
166,2137,0
167,29405,0
168,25081,0
169,693,0
170,13378,0
171,446,0
172,11815,0
173,9254,0
174,9396,0
175,10494,0
176,6493,1
177,13437,0
178,27477,0
179,8513,0
180,17659,0
181,18174,0
182,22486,0
183,29206,0
184,2660,0
185,8859,0
186,10754,0
187,689,0
188,18083,0
189,11215,0
190,24072,0
191,11244,1
192,16881,0
193,23176,0
194,2482,0
195,16457,0
196,12338,0
197,14046,0
198,10222,0
199,10180,0
200,4902,0
201,6026,0
202,18362,0
203,164,0
204,6953,0
205,7037,0
206,5560,0
207,7971,0
208,4786,0
209,16294,0
210,15725,0
211,6202,0
212,12515,0
213,23772,0
214,29231,0
215,29234,0
216,28911,0
217,11313,0
218,21249,0
219,20234,0
220,3662,0
221,21813,0
222,5119,0
223,3110,0
224,630,0
225,9317,0
226,27419,0
227,29705,0
228,736,0
229,10150,0
230,18395,0
231,12163,0
232,6820,0
233,15408,0
234,22142,0
235,21852,0
236,1745,0
237,26179,0
238,14144,0
239,19155,0
240,5496,0
241,8126,0
242,703,0
243,9864,0
244,22588,0
245,19121,0
246,4220,0
247,2942,0
248,24355,0
249,11395,0
250,14984,0
251,15341,0
252,14489,0
253,28402,0
254,29280,0
255,24934,0
256,15895,0
257,21980,0
258,3455,0
259,19761,0
260,2727,0
261,19703,0
262,26677,0
263,5809,0
264,26393,0
265,1301,1
266,18380,0
267,20894,0
268,10981,0
269,16418,0
270,22683,0
271,2569,0
272,23547,0
273,13024,0
274,18239,0
275,6983,0
276,12773,0
277,11871,0
278,6431,0
279,14638,0
280,27589,0
281,16891,0
282,7539,0
283,2222,0
284,1169,0
285,3913,0
286,27945,0
287,1729,0
288,7003,1
289,22969,0
290,16800,0
291,2378,0
292,29942,0
293,20850,0
294,10464,0
295,2375,1
296,16163,0
297,25363,0
298,21059,0
299,8909,0
300,16257,0
301,7753,0
302,26507,0
303,25690,0
304,1062,0
305,24811,0
306,29975,0
307,4181,0
308,17883,0
309,7264,0
310,17033,0
311,29390,0
312,530,0
313,13085,0
314,18069,0
315,21704,0
316,6729,0
317,25237,0
318,21922,0
319,2632,0
320,22440,0
321,19951,0
322,29142,0
323,9269,0
324,1396,0
325,21306,0
326,29272,0
327,4990,0
328,16632,0
329,12777,0
330,10778,0
331,4803,0
332,24268,0
333,21157,0
334,11164,0
335,23348,0
336,27885,0
337,1691,0
338,16526,0
339,29222,0
340,11359,0
341,26563,0
342,23050,0
343,1977,0
344,29406,0
345,28599,0
346,18785,0
347,21374,0
348,22316,0
349,14776,0
350,6024,0
351,539,0
352,8383,0
353,4049,0
354,21893,0
355,22869,0
356,23661,0
357,28142,0
358,10049,0
359,25844,0
360,15513,0
361,7930,0
362,7327,0
363,15831,0
364,10366,0
365,9504,0
366,3787,0
367,21419,0
368,3011,0
369,5251,0
370,28543,0
371,22516,0
372,29682,0
373,22622,0
374,18791,0
375,16927,0
376,19839,0
377,11832,0
378,24707,0
379,12584,0
380,26569,0
381,2391,0
382,25867,0
383,4023,0
384,13701,0
385,18098,0
386,22212,0
387,10459,0
388,25279,0
389,21438,0
390,10203,0
391,9261,0
392,1530,0
393,8753,0
394,4471,1
395,19222,0
396,14296,0
397,10365,0
398,19137,0
399,10252,0
400,28423,0
401,28942,0
402,23030,0
403,16673,0
404,11388,0
405,8505,0
406,9168,0
407,3822,0
408,29099,0
409,6271,0
410,9163,0
411,21477,0
412,10474,0
413,11145,0
414,1706,0
415,7566,0
416,16929,0
417,3582,0
418,14334,0
419,676,1
420,39,0
421,14281,1
422,23377,0
423,14898,0
424,11414,0
425,17244,0
426,16677,0
427,13866,0
428,13048,0
429,16925,0
430,9366,0
431,25306,0
432,28651,0
433,10922,0
434,16777,0
435,3015,0
436,12819,0
437,28315,0
438,14482,0
439,2088,0
440,23874,0
441,12545,0
442,29973,0
443,8461,0
444,24647,0
445,28772,0
446,16476,0
447,12895,0
448,8268,0
449,18765,0
450,21777,0
451,10815,0
452,26265,0
453,6028,0
454,7487,0
455,27117,0
456,4476,0
457,27162,0
458,15598,0
459,18445,0
460,27542,0
461,24395,0
462,17821,0
463,12448,0
464,25845,0
465,768,0
466,29792,0
467,16362,0
468,11666,0
469,20983,0
470,577,0
471,18777,0
472,12542,0
473,3263,0
474,29585,0
475,10143,0
476,20999,0
477,17769,0
478,13596,0
479,4520,0
480,25543,0
481,7159,0
482,27061,0
483,20793,0
484,1903,0
485,6057,0
486,9779,0
487,24028,0
488,28034,0
489,10696,0
490,26302,0
491,27191,0
492,20160,0
493,8443,0
494,7680,0
495,18255,0
496,12465,0
497,8317,0
498,19499,0
499,10309,0
500,27891,0
501,9231,0
502,16339,0
503,17116,0
504,28983,0
505,21336,0
506,9673,0
507,26596,0
508,22883,0
509,10439,0
510,11290,0
511,12490,0
512,27208,0
513,24787,0
514,24930,0
515,27827,0
516,18399,0
517,16760,0
518,18089,0
519,20976,0
520,26923,0
521,8931,0
522,15270,0
523,24145,0
524,8163,0
525,3538,1
526,16321,0
527,28544,0
528,23411,0
529,7596,0
530,18719,0
531,19707,0
532,11207,0
533,22884,0
534,26549,0
535,16021,0
536,2169,0
537,21638,0
538,18235,0
539,13892,0
540,21061,0
541,8154,0
542,5989,0
543,27201,0
544,13025,0
545,7191,0
546,19029,0
547,7970,0
548,9986,0
549,7195,0
550,18632,0
551,25708,0
552,26722,0
553,18447,0
554,8234,0
555,1032,0
556,19538,0
557,29828,0
558,5907,0
559,22660,0
560,22898,1
561,21145,0
562,17397,0
563,27024,0
564,19548,0
565,15757,0
566,18644,0
567,14451,0
568,4928,0
569,24065,0
570,12709,0
571,1073,0
572,15730,0
573,17768,0
574,9134,0
575,28224,0
576,3251,0
577,20261,0
578,20345,0
579,18063,0
580,2585,0
581,29064,0
582,6427,1
583,12514,0
584,436,0
585,22038,0
586,17568,0
587,14684,0
588,3532,0
589,3417,0
590,23264,0
591,22185,0
592,19531,0
593,27198,0
594,2791,0
595,3605,0
596,10350,0
597,12893,0
598,10042,0
599,27914,0
600,28602,0
601,26413,0
602,29829,0
603,1919,0
604,11602,0
605,3211,0
606,14915,1
607,84,0
608,7385,0
609,13418,0
610,23366,0
611,28238,0
612,16329,0
613,3281,0
614,20617,0
615,25474,0
616,8256,0
617,11348,0
618,27789,0
619,22000,0
620,11615,0
621,20844,0
622,25148,0
623,18781,0
624,7204,0
625,20410,0
626,8936,0
627,3920,0
628,28050,0
629,9681,0
630,20633,0
631,2121,0
632,29736,0
633,26354,0
634,10313,0
635,6244,0
636,13480,1
637,15119,0
638,15045,0
639,3402,0
640,10242,0
641,594,0
642,9439,0
643,1766,0
644,14005,0
645,3860,0
646,16557,0
647,24584,0
648,13589,0
649,15718,0
650,11872,0
651,29854,0
652,17036,0
653,18982,0
654,29911,0
655,14226,0
656,1989,1
657,8626,0
658,19595,0
659,4399,0
660,5414,0
661,29976,0
662,11326,0
663,23164,0
664,11455,0
665,17103,0
666,22569,0
667,22433,0
668,29350,0
669,7168,0
670,20384,0
671,24701,0
672,175,0
673,26196,0
674,25176,0
675,21446,0
676,29359,0
677,2795,0
678,2561,0
679,7177,0
680,21397,0
681,3587,0
682,26511,0
683,9719,0
684,1856,0
685,2955,0
686,8804,0
687,895,0
688,22926,0
689,19261,0
690,15614,0
691,25951,0
692,24450,0
693,23183,0
694,21787,0
695,11415,0
696,29606,0
697,29058,0
698,26958,0
699,9544,0
700,764,0
701,24778,0
702,16286,0
703,26690,0
704,16152,0
705,16833,0
706,16943,1
707,18568,0
708,102,0
709,13273,0
710,9246,0
711,14728,0
712,17925,1
713,17674,0
714,19777,0
715,22023,0
716,24057,1
717,22996,0
718,17514,0
719,6353,0
720,120,0
721,20586,0
722,411,0
723,25036,0
724,1592,0
725,29392,0
726,14314,0
727,29110,0
728,24846,0
729,9286,0
730,15737,0
731,6333,0
732,14667,0
733,15878,0
734,13091,0
735,10627,0
736,4384,0
737,15901,0
738,6214,0
739,24903,0
740,1271,0
741,28508,0
742,3739,0
743,28769,0
744,2848,0
745,3976,0
746,24815,0
747,13546,0
748,19102,0
749,24742,0
750,12219,0
751,28589,0
752,6010,0
753,13311,0
754,4807,0
755,5094,0
756,29831,0
757,18479,0
758,18620,0
759,12532,0
760,16863,0
761,18434,0
762,14033,0
763,27194,0
764,1416,0
765,10714,0
766,25263,0
767,24322,0
768,16463,0
769,15937,0
770,10310,0
771,27138,0
772,11700,0
773,1539,0
774,9813,0
775,8847,0
776,13894,0
777,11482,0
778,17816,0
779,22366,0
780,24625,0
781,22650,0
782,11025,0
783,18376,0
784,11894,0
785,6446,0
786,29128,0
787,9609,0
788,6030,0
789,29484,0
790,9852,0
791,20486,0
792,13192,0
793,10566,0
794,1843,0
795,7899,0
796,2692,0
797,22477,0
798,1667,1
799,11143,0
800,5667,0
801,4396,0
802,5048,0
803,9944,0
804,10296,0
805,527,0
806,16844,0
807,19873,0
808,21093,0
809,29798,0
810,17947,0
811,6882,0
812,25930,0
813,4978,0
814,25201,0
815,14387,0
816,20898,0
817,25084,0
818,10297,0
819,14416,0
820,7134,0
821,11911,0
822,7894,0
823,21019,0
824,29500,0
825,19063,0
826,1602,0
827,2184,0
828,18123,0
829,4822,0
830,5223,0
831,15695,0
832,24650,0
833,17299,0
834,18303,0
835,13234,0
836,12232,0
837,23936,0
838,15986,0
839,23835,0
840,12989,0
841,6565,0
842,23794,0
843,14540,0
844,22458,0
845,10173,0
846,11885,0
847,10719,0
848,5230,0
849,12932,0
850,6058,0
851,25600,0
852,6448,0
853,29948,0
854,5294,0
855,11363,0
856,23273,0
857,27616,1
858,12522,0
859,24697,0
860,2063,0
861,9446,0
862,17248,0
863,5948,0
864,8168,0
865,12666,0
866,4137,0
867,3245,0
868,19914,0
869,12446,0
870,8237,0
871,9528,0
872,15817,0
873,27980,0
874,9801,0
875,2074,0
876,8165,0
877,1626,1
878,19510,0
879,7587,0
880,29654,0
881,5487,0
882,18649,0
883,12109,0
884,6291,0
885,19379,0
886,29352,0
887,12776,0
888,8027,0
889,24568,0
890,1272,0
891,5060,0
892,29762,0
893,25892,0
894,24279,0
895,26814,0
896,26324,0
897,29715,0
898,2828,0
899,7765,0
900,22548,0
901,18606,0
902,22986,0
903,17532,0
904,16652,0
905,16187,0
906,20924,0
907,12505,0
908,17070,0
909,11528,0
910,5833,0
911,18749,0
912,11741,0
913,29996,0
914,13762,0
915,12521,0
916,21432,0
917,3595,0
918,10746,0
919,9287,1
920,25902,0
921,7071,0
922,14396,0
923,7746,0
924,26257,0
925,18910,0
926,11510,0
927,29353,0
928,14194,0
929,15508,0
930,12475,0
931,17118,0
932,25091,0
933,15964,0
934,25942,0
935,9279,0
936,10317,0
937,8399,0
938,23233,0
939,27757,0
940,12256,0
941,16921,0
942,11732,0
943,2260,0
944,6514,0
945,16395,0
946,17616,0
947,11845,0
948,1182,1
949,21828,0
950,7167,0
951,4672,0
952,25860,0
953,12607,0
954,20331,0
955,3555,0
956,24577,0
957,5985,0
958,3499,0
959,17442,0
960,10198,0
961,1541,0
962,20452,0
963,17737,0
964,4830,0
965,9,0
966,15869,0
967,8734,0
968,18805,0
969,24820,0
970,23635,0
971,11687,0
972,24621,0
973,27407,0
974,11201,0
975,24682,0
976,8224,0
977,21534,0
978,24206,0
979,25762,0
980,6599,0
981,3447,0
982,11853,0
983,29895,0
984,5561,0
985,7986,0
986,28730,0
987,5470,0
988,7999,0
989,21898,0
990,25060,0
991,27501,0
992,19133,0
993,9695,1
994,7940,0
995,6411,0
996,18224,0
997,18678,0
998,2966,0
999,12608,0
1000,14082,0
1001,28242,0
1002,5364,0
1003,57,0
1004,28413,0
1005,27167,0
1006,5206,0
1007,14212,0
1008,22193,0
1009,18585,0
1010,15005,0
1011,25179,0
1012,25387,0
1013,19697,0
1014,3952,0
1015,29220,0
1016,9121,0
1017,1744,0
1018,7298,0
1019,6550,0
1020,16154,0
1021,7869,0
1022,923,0
1023,19514,0
1024,9794,0
1025,9895,0
1026,26838,0
1027,7046,0
1028,28434,0
1029,14883,0
1030,26988,0
1031,13268,0
1032,8912,0
1033,27981,0
1034,10997,0
1035,8695,0
1036,22582,0
1037,21716,0
1038,14886,0
1039,1978,0
1040,28073,0
1041,18726,0
1042,12656,0
1043,27316,0
1044,28245,0
1045,6657,0
1046,19943,0
1047,26182,0
1048,23991,0
1049,8276,0
1050,29660,0
1051,10081,0
1052,22701,0
1053,17246,0
1054,5710,0
1055,17337,0
1056,23225,0
1057,13105,0
1058,3967,0
1059,11703,0
1060,485,0
1061,13709,0
1062,22731,0
1063,5882,0
1064,21170,0
1065,21178,0
1066,10239,0
1067,21952,0
1068,18037,0
1069,1361,0
1070,13004,0
1071,753,0
1072,4848,0
1073,26861,0
1074,29434,0
1075,14690,0
1076,22791,0
1077,906,0
1078,29523,0
1079,22844,0
1080,7186,0
1081,11015,0
1082,14103,0
1083,29495,0
1084,14310,0
1085,15343,0
1086,12926,0
1087,11472,0
1088,27136,0
1089,19361,0
1090,25743,0
1091,29270,0
1092,24193,0
1093,10773,0
1094,5994,0
1095,12998,0
1096,11839,0
1097,508,0
1098,20042,0
1099,15741,1
1100,21481,0
1101,1132,0
1102,4185,0
1103,5072,0
1104,2420,0
1105,6072,0
1106,3506,0
1107,21118,0
1108,11023,0
1109,990,0
1110,26824,0
1111,24840,0
1112,4043,0
1113,5046,0
1114,13968,0
1115,13844,0
1116,4252,0
1117,4553,0
1118,9285,0
1119,2405,0
1120,22943,0
1121,18704,0
1122,6213,0
1123,29418,0
1124,4229,0
1125,6847,0
1126,19861,0
1127,25801,0
1128,16421,0
1129,27761,0
1130,24835,0
1131,16635,0
1132,12071,0
1133,25909,0
1134,18523,0
1135,27008,0
1136,26489,0
1137,25309,0
1138,18471,0
1139,1017,0
1140,8091,0
1141,28193,0
1142,22138,0
1143,26467,0
1144,26674,0
1145,24036,0
1146,15529,0
1147,14502,0
1148,17871,0
1149,5196,0
1150,16972,0
1151,14376,0
1152,2626,0
1153,13746,0
1154,4105,0
1155,6374,1
1156,24865,0
1157,28278,0
1158,7922,0
1159,24604,0
1160,28437,0
1161,866,0
1162,19822,0
1163,25537,0
1164,3778,0
1165,27783,0
1166,23082,0
1167,25083,0
1168,8414,0
1169,2267,0
1170,5942,0
1171,13987,0
1172,15181,0
1173,3696,0
1174,18116,0
1175,28032,0
1176,11106,0
1177,147,0
1178,24892,0
1179,7934,0
1180,18227,0
1181,28037,0
1182,16058,0
1183,16541,0
1184,19440,0
1185,20809,0
1186,20693,0
1187,1909,1
1188,4763,0
1189,15315,0
1190,22178,0
1191,37,0
1192,10207,0
1193,19559,0
1194,15273,0
1195,27156,0
1196,18885,0
1197,7942,0
1198,13147,0
1199,13811,0
1200,24548,0
1201,5182,0
1202,16642,0
1203,24246,0
1204,221,0
1205,16811,0
1206,4977,0
1207,14172,0
1208,20388,0
1209,7066,0
1210,16966,0
1211,2413,0
1212,2162,0
1213,24728,0
1214,17014,0
1215,26048,0
1216,7813,0
1217,9732,0
1218,28307,0
1219,28628,0
1220,8260,0
1221,21708,0
1222,11776,0
1223,5617,0
1224,12563,0
1225,16703,0
1226,24725,0
1227,24205,0
1228,1151,0
1229,12334,0
1230,26820,0
1231,13112,0
1232,20020,0
1233,16033,0
1234,256,0
1235,14964,0
1236,21670,0
1237,14798,0
1238,23730,0
1239,22774,0
1240,9426,0
1241,7571,0
1242,17022,0
1243,15799,0
1244,20701,0
1245,4330,0
1246,5621,0
1247,13734,0
1248,13662,0
1249,6981,0
1250,7897,0
1251,17542,0
1252,16928,0
1253,22326,0
1254,26000,0
1255,16609,0
1256,6013,0
1257,2065,0
1258,18728,0
1259,24447,0
1260,6967,0
1261,939,0
1262,22698,0
1263,14036,0
1264,29339,0
1265,9212,0
1266,18643,0
1267,7372,0
1268,20291,0
1269,7089,0
1270,20579,0
1271,11364,0
1272,13317,0
1273,1925,0
1274,18008,0
1275,852,0
1276,15193,0
1277,9739,0
1278,21410,0
1279,16903,0
1280,9181,0
1281,16368,0
1282,27948,0
1283,23226,0
1284,18579,0
1285,16906,0
1286,5136,0
1287,28487,0
1288,15804,0
1289,6143,0
1290,14856,0
1291,3938,0
1292,10235,0
1293,10050,0
1294,23914,0
1295,3691,0
1296,27813,0
1297,16898,0
1298,25452,0
1299,220,0
1300,1089,0
1301,7518,0
1302,4300,0
1303,28933,0
1304,8673,0
1305,29347,0
1306,14304,0
1307,19260,0
1308,16801,0
1309,9387,0
1310,14715,0
1311,25698,0
1312,27853,0
1313,21736,0
1314,17202,1
1315,9386,0
1316,5890,0
1317,15657,0
1318,11520,0
1319,2940,0
1320,1261,0
1321,2238,0
1322,17447,0
1323,10308,0
1324,28654,0
1325,11727,0
1326,21885,0
1327,6315,0
1328,19079,0
1329,14359,0
1330,25659,0
1331,23864,0
1332,11934,0
1333,6787,0
1334,15967,0
1335,3521,0
1336,26806,0
1337,5457,0
1338,5177,0
1339,16302,0
1340,21896,0
1341,5970,0
1342,20112,0
1343,1173,0
1344,15752,0
1345,21955,0
1346,8415,0
1347,9170,0
1348,10381,0
1349,21386,0
1350,15975,0
1351,12391,1
1352,28832,0
1353,29218,0
1354,1506,0
1355,11353,0
1356,23551,0
1357,16345,0
1358,4949,0
1359,3519,0
1360,25018,0
1361,21850,0
1362,25841,0
1363,4316,0
1364,13443,0
1365,25829,0
1366,28957,0
1367,24877,0
1368,659,0
1369,17429,0
1370,29311,0
1371,17064,0
1372,9728,0
1373,15215,0
1374,17788,0
1375,4103,0
1376,23084,0
1377,1059,0
1378,28187,0
1379,18229,1
1380,7255,0
1381,9222,0
1382,1760,0
1383,18438,0
1384,11008,0
1385,7179,0
1386,15097,0
1387,5044,0
1388,8328,0
1389,28071,0
1390,11959,0
1391,11043,0
1392,27462,0
1393,14412,0
1394,1422,0
1395,17749,0
1396,19679,0
1397,20829,0
1398,13427,0
1399,29229,0
1400,14873,0
1401,11759,0
1402,12055,0
1403,21133,0
1404,14987,0
1405,3116,0
1406,6569,0
1407,22741,0
1408,7499,0
1409,73,0
1410,9536,0
1411,17731,0
1412,24192,0
1413,29857,0
1414,28395,0
1415,18878,0
1416,4863,1
1417,4561,0
1418,8666,0
1419,7219,0
1420,11580,0
1421,21399,0
1422,3770,0
1423,16825,0
1424,23696,0
1425,14253,0
1426,16093,1
1427,9502,0
1428,23934,0
1429,14186,0
1430,6572,0
1431,17371,0
1432,11038,0
1433,28693,0
1434,16820,0
1435,24685,0
1436,4519,0
1437,2913,0
1438,4728,0
1439,29580,1
1440,1991,0
1441,17926,0
1442,22891,0
1443,18481,0
1444,13462,0
1445,845,0
1446,4228,0
1447,26277,0
1448,9347,0
1449,24461,0
1450,15497,0
1451,9276,0
1452,7455,0
1453,2633,0
1454,12794,0
1455,26316,0
1456,5892,0
1457,5852,0
1458,23132,0
1459,28264,0
1460,17000,0
1461,4676,0
1462,4739,0
1463,4135,0
1464,27607,0
1465,16680,0
1466,4770,1
1467,27523,0
1468,4600,0
1469,28960,0
1470,14996,0
1471,4724,0
1472,26156,0
1473,29731,0
1474,21974,0
1475,23656,0
1476,20643,0
1477,23751,0
1478,9822,0
1479,26237,0
1480,16953,0
1481,11997,0
1482,912,0
1483,6909,0
1484,27322,0
1485,17507,0
1486,27100,0
1487,7761,0
1488,12566,0
1489,24979,0
1490,23724,0
1491,27700,0
1492,6139,0
1493,18590,0
1494,9333,0
1495,4608,0
1496,18238,0
1497,3611,0
1498,23588,0
1499,22679,0
1500,24553,0
1501,1203,0
1502,96,0
1503,18040,1
1504,20641,0
1505,17914,0
1506,7123,0
1507,8932,0
1508,3047,0
1509,25597,0
1510,20699,0
1511,18857,0
1512,21387,0
1513,28785,0
1514,10255,0
1515,11909,0
1516,24230,0
1517,14385,0
1518,16837,0
1519,23299,0
1520,2656,0
1521,25674,0
1522,22615,0
1523,5963,0
1524,29061,0
1525,12914,0
1526,8559,0
1527,28226,0
1528,3274,0
1529,10983,0
1530,649,0
1531,22727,0
1532,10419,0
1533,3729,0
1534,18720,0
1535,12785,0
1536,21334,0
1537,18607,0
1538,5040,0
1539,13435,0
1540,3152,0
1541,25975,0
1542,3082,0
1543,22227,0
1544,18924,0
1545,21554,0
1546,27393,0
1547,7708,0
1548,18030,0
1549,17143,0
1550,12248,0
1551,2303,0
1552,10217,0
1553,6870,0
1554,13046,0
1555,20047,0
1556,14128,0
1557,22111,0
1558,12640,0
1559,19691,0
1560,3628,0
1561,24142,0
1562,4429,0
1563,29720,0
1564,13880,0
1565,14639,0
1566,14401,0
1567,26887,0
1568,10093,0
1569,17976,0
1570,21846,0
1571,8420,0
1572,17550,0
1573,15162,0
1574,22097,0
1575,9243,0
1576,3627,0
1577,3586,0
1578,6509,0
1579,5671,0
1580,12786,0
1581,27611,0
1582,9848,0
1583,13277,0
1584,61,0
1585,27908,0
1586,24997,1
1587,22087,0
1588,18695,0
1589,26143,0
1590,24852,0
1591,8691,0
1592,11928,0
1593,19728,0
1594,27812,0
1595,1872,0
1596,27268,0
1597,4855,0
1598,15062,0
1599,14041,0
1600,312,0
1601,8404,0
1602,12853,0
1603,2182,0
1604,28112,0
1605,22936,0
1606,28092,0
1607,24833,0
1608,1631,0
1609,3599,0
1610,7673,0
1611,12991,0
1612,17302,0
1613,7173,0
1614,20038,0
1615,21243,0
1616,24511,0
1617,27014,0
1618,17886,0
1619,16531,0
1620,29927,1
1621,13055,0
1622,399,0
1623,3384,0
1624,22628,0
1625,17499,0
1626,13770,0
1627,22336,0
1628,13288,0
1629,4933,0
1630,8044,0
1631,197,0
1632,28837,0
1633,905,1
1634,24229,0
1635,25853,0
1636,9850,0
1637,6944,0
1638,3244,0
1639,28005,0
1640,25719,0
1641,27671,0
1642,24011,0
1643,17534,0
1644,24590,0
1645,482,0
1646,19419,0
1647,9260,0
1648,22878,0
1649,4403,0
1650,24982,0
1651,16709,0
1652,12551,0
1653,17962,0
1654,29862,0
1655,27859,0
1656,8885,0
1657,19030,0
1658,3226,0
1659,19655,0
1660,10790,0
1661,28979,0
1662,17394,0
1663,29839,0
1664,10932,0
1665,27565,0
1666,16532,0
1667,28550,0
1668,24039,0
1669,1217,0
1670,23845,0
1671,10091,0
1672,9892,0
1673,1764,0
1674,17512,0
1675,16384,0
1676,7887,0
1677,17200,0
1678,9150,0
1679,12111,0
1680,12801,0
1681,1319,0
1682,11297,0
1683,8672,0
1684,22436,0
1685,14077,0
1686,19023,0
1687,24489,0
1688,19415,0
1689,17055,0
1690,29724,1
1691,5126,0
1692,28779,0
1693,7772,0
1694,4808,0
1695,10860,0
1696,8320,0
1697,17048,0
1698,3882,0
1699,4084,0
1700,4948,0
1701,19064,0
1702,16468,0
1703,25217,0
1704,1439,0
1705,7430,0
1706,18033,0
1707,18353,0
1708,24334,0
1709,4446,0
1710,23228,0
1711,16207,0
1712,5831,0
1713,16268,0
1714,27487,0
1715,11827,0
1716,18819,0
1717,9315,0
1718,23384,0
1719,7260,0
1720,10086,0
1721,23196,0
1722,20860,0
1723,7565,0
1724,12190,0
1725,216,0
1726,9182,0
1727,13230,0
1728,4826,0
1729,26962,0
1730,14441,0
1731,1727,0
1732,18015,0
1733,24666,0
1734,19652,0
1735,27960,0
1736,14572,0
1737,28011,0
1738,6839,0
1739,20878,0
1740,11470,0
1741,6474,0
1742,1145,0
1743,1543,0
1744,14445,0
1745,20177,0
1746,12907,0
1747,26333,0
1748,5442,0
1749,22561,0
1750,25202,0
1751,21337,0
1752,16201,0
1753,22876,0
1754,25581,0
1755,4821,0
1756,23865,0
1757,14816,0
1758,26291,0
1759,4510,1
1760,5352,0
1761,17677,0
1762,5816,0
1763,10619,0
1764,3399,0
1765,8468,1
1766,6323,0
1767,1999,0
1768,6236,0
1769,8997,0
1770,8602,0
1771,25418,0
1772,27650,0
1773,27830,0
1774,16976,0
1775,16428,0
1776,25964,0
1777,23689,0
1778,22403,0
1779,14284,0
1780,12167,0
1781,1537,0
1782,15386,0
1783,21201,0
1784,1933,0
1785,20450,0
1786,339,0
1787,20780,0
1788,19864,0
1789,5026,0
1790,6658,0
1791,17355,0
1792,5699,0
1793,13514,0
1794,60,0
1795,12337,0
1796,25763,0
1797,20025,0
1798,19558,0
1799,24384,0
1800,13005,0
1801,24493,0
1802,22848,0
1803,15519,0
1804,22309,0
1805,1104,0
1806,13990,0
1807,28219,0
1808,15579,0
1809,10993,0
1810,4768,0
1811,4064,0
1812,2383,0
1813,19406,0
1814,24777,0
1815,10517,0
1816,13613,0
1817,10085,0
1818,27937,0
1819,8612,0
1820,8764,0
1821,24712,0
1822,16449,0
1823,19781,0
1824,2963,0
1825,458,0
1826,23315,0
1827,22550,0
1828,18770,0
1829,307,0
1830,5583,0
1831,19047,0
1832,9018,0
1833,11680,0
1834,15462,0
1835,11342,0
1836,6196,0
1837,2042,0
1838,7443,0
1839,10138,0
1840,2628,0
1841,6083,0
1842,13740,0
1843,29647,0
1844,27376,0
1845,12616,0
1846,27341,0
1847,7966,0
1848,12601,0
1849,18645,0
1850,22234,0
1851,3268,0
1852,10744,0
1853,5795,0
1854,5091,0
1855,13610,0
1856,9849,0
1857,21152,0
1858,18637,0
1859,26326,0
1860,13224,0
1861,24276,0
1862,24578,0
1863,10883,0
1864,353,0
1865,7684,0
1866,12390,0
1867,25749,0
1868,21347,0
1869,18679,0
1870,27277,0
1871,22236,0
1872,4762,0
1873,1579,0
1874,1432,1
1875,26424,0
1876,12582,0
1877,14191,0
1878,13906,0
1879,28067,0
1880,20530,0
1881,7175,1
1882,15762,0
1883,21211,0
1884,13195,0
1885,10145,0
1886,29525,0
1887,29254,0
1888,29959,0
1889,20121,0
1890,19745,0
1891,29384,0
1892,23029,0
1893,22583,0
1894,3782,0
1895,18189,0
1896,1942,0
1897,22668,0
1898,1468,0
1899,26076,0
1900,5655,0
1901,23726,0
1902,18413,0
1903,17466,0
1904,13185,1
1905,15554,0
1906,1876,0
1907,25183,0
1908,8018,0
1909,29991,0
1910,7871,0
1911,14429,1
1912,1295,0
1913,6501,0
1914,24944,0
1915,18923,0
1916,25722,0
1917,2298,0
1918,9379,0
1919,10427,0
1920,6805,0
1921,20305,0
1922,5080,0
1923,27997,0
1924,18164,0
1925,8251,0
1926,26193,0
1927,6455,0
1928,28773,0
1929,15555,0
1930,21235,0
1931,1871,0
1932,6682,0
1933,29071,0
1934,14535,0
1935,11768,0
1936,16251,0
1937,24937,0
1938,16143,0
1939,18520,0
1940,2173,0
1941,24061,0
1942,5186,0
1943,22137,0
1944,14227,0
1945,3218,0
1946,20343,0
1947,25625,0
1948,17252,0
1949,7870,0
1950,26140,0
1951,29180,0
1952,15780,0
1953,5991,0
1954,1216,0
1955,23699,0
1956,12868,0
1957,13962,0
1958,4551,0
1959,10024,0
1960,22032,0
1961,1184,0
1962,15365,0
1963,28176,0
1964,21570,0
1965,22948,0
1966,11533,0
1967,1829,0
1968,204,0
1969,10898,0
1970,9349,0
1971,14347,0
1972,28263,0
1973,7316,0
1974,10960,0
1975,27232,0
1976,22621,1
1977,17598,0
1978,3000,0
1979,15548,0
1980,23108,0
1981,8370,0
1982,17232,0
1983,21634,0
1984,24429,0
1985,4787,0
1986,2167,0
1987,7642,0
1988,20505,0
1989,15089,1
1990,16497,0
1991,7580,0
1992,15171,0
1993,26470,0
1994,24790,0
1995,26134,0
1996,27058,0
1997,7315,0
1998,17415,0
1999,25123,0
2000,27654,0
2001,24266,0
2002,23619,0
2003,20664,0
2004,25630,0
2005,22924,0
2006,4310,0
2007,20755,0
2008,26095,0
2009,2778,0
2010,9479,0
2011,19217,0
2012,23926,0
2013,14105,0
2014,11681,0
2015,21491,0
2016,26792,0
2017,6620,0
2018,3557,0
2019,19952,0
2020,26256,0
2021,22565,0
2022,26514,0
2023,14426,0
2024,24964,0
2025,5488,0
2026,11045,0
2027,6478,0
2028,26869,0
2029,9180,0
2030,5161,0
2031,11122,0
2032,6695,0
2033,757,0
2034,21662,0
2035,5317,0
2036,15793,0
2037,5763,0
2038,12769,0
2039,17672,0
2040,2398,0
2041,7795,0
2042,1847,0
2043,26049,0
2044,12061,0
2045,7317,0
2046,7956,0
2047,10991,0
2048,2994,0
2049,3262,0
2050,15180,0
2051,1359,0
2052,27081,0
2053,4746,0
2054,29351,0
2055,24864,0
2056,28527,0
2057,21845,0
2058,15645,0
2059,1021,0
2060,12064,0
2061,8175,0
2062,23201,0
2063,4507,0
2064,19631,0
2065,2107,0
2066,6966,0
2067,27667,0
2068,8034,0
2069,21134,0
2070,20537,0
2071,7968,0
2072,21161,0
2073,15350,0
2074,25406,0
2075,25300,0
2076,25745,0
2077,28349,0
2078,21406,0
2079,26684,0
2080,5222,0
2081,23823,0
2082,14602,0
2083,12030,0
2084,839,0
2085,21496,0
2086,16025,0
2087,25362,0
2088,540,0
2089,334,0
2090,8449,0
2091,5045,0
2092,20073,0
2093,17536,0
2094,1491,0
2095,8839,0
2096,14863,0
2097,21058,1
2098,28584,0
2099,23202,0
2100,14899,0
2101,6711,0
2102,529,0
2103,8563,0
2104,11715,0
2105,9860,0
2106,4854,0
2107,9632,0
2108,13157,0
2109,21368,0
2110,11899,0
2111,1642,0
2112,18005,0
2113,14759,0
2114,490,0
2115,6873,0
2116,15158,0
2117,5515,0
2118,14682,0
2119,26780,0
2120,2588,0
2121,20509,0
2122,26126,0
2123,25978,0
2124,7305,0
2125,25029,0
2126,25166,0
2127,10074,0
2128,25194,0
2129,26767,0
2130,14660,0
2131,17195,0
2132,25484,0
2133,9865,0
2134,21589,0
2135,23083,0
2136,16099,0
2137,6408,0
2138,4159,0
2139,21599,0
2140,11908,0
2141,19479,0
2142,20051,0
2143,19334,0
2144,23479,0
2145,651,0
2146,25258,0
2147,20891,0
2148,17174,0
2149,26940,0
2150,1854,0
2151,22468,0
2152,14583,0
2153,23235,0
2154,27048,0
2155,8270,0
2156,3841,0
2157,16270,0
2158,5257,0
2159,1406,0
2160,21045,0
2161,25294,0
2162,16861,0
2163,9758,0
2164,966,0
2165,8736,0
2166,14732,0
2167,28925,0
2168,24985,0
2169,6651,0
2170,22835,0
2171,8400,0
2172,6538,0
2173,28208,0
2174,19979,0
2175,8063,0
2176,19207,0
2177,5327,0
2178,20550,0
2179,2384,0
2180,4154,0
2181,8967,0
2182,21041,0
2183,23520,0
2184,6884,0
2185,7738,0
2186,12028,0
2187,10262,0
2188,8532,0
2189,4501,0
2190,10808,0
2191,13389,0
2192,28259,0
2193,23178,0
2194,29728,0
2195,24510,0
2196,23778,0
2197,15822,0
2198,26453,0
2199,15304,0
2200,413,0
2201,6913,0
2202,22086,0
2203,11586,0
2204,25750,0
2205,398,0
2206,18163,0
2207,28150,1
2208,28826,0
2209,13491,0
2210,9344,0
2211,10482,0
2212,26067,0
2213,2582,0
2214,29780,0
2215,29804,0
2216,15023,0
2217,6459,0
2218,18538,0
2219,29242,0
2220,823,0
2221,1750,0
2222,23165,0
2223,3112,0
2224,13654,0
2225,15884,0
2226,22076,0
2227,14653,1
2228,25135,0
2229,17094,0
2230,740,0
2231,21187,0
2232,20138,0
2233,18400,0
2234,18055,0
2235,3721,0
2236,26022,0
2237,13522,0
2238,25127,0
2239,23304,0
2240,23375,0
2241,20274,0
2242,18295,0
2243,28119,0
2244,11982,0
2245,13054,0
2246,29216,0
2247,9507,0
2248,22580,0
2249,1644,0
2250,14841,0
2251,27292,0
2252,7276,0
2253,25816,0
2254,21500,0
2255,5859,0
2256,22975,0
2257,20933,1
2258,2455,0
2259,27269,0
2260,15299,0
2261,29657,0
2262,11041,0
2263,26999,0
2264,7796,0
2265,15126,0
2266,14476,0
2267,5498,0
2268,15673,0
2269,10936,0
2270,6473,0
2271,22397,0
2272,23714,0
2273,28896,0
2274,27905,0
2275,292,0
2276,12258,0
2277,8926,0
2278,15856,0
2279,15040,0
2280,28682,0
2281,5692,0
2282,21272,0
2283,21832,0
2284,26058,0
2285,21593,0
2286,13410,0
2287,10938,0
2288,5121,0
2289,13508,0
2290,17697,0
2291,1650,0
2292,20491,0
2293,21790,0
2294,14710,0
2295,13541,0
2296,8700,0
2297,14642,0
2298,16540,0
2299,19478,0
2300,9220,0
2301,14833,0
2302,1835,0
2303,26589,0
2304,5578,0
2305,2833,0
2306,26183,0
2307,1339,0
2308,21705,0
2309,13064,0
2310,12363,0
2311,23965,0
2312,27163,0
2313,633,0
2314,6366,0
2315,4280,0
2316,23892,0
2317,15209,0
2318,11799,0
2319,10659,0
2320,21948,0
2321,6319,0
2322,14567,1
2323,3418,0
2324,3508,0
2325,6335,1
2326,18214,0
2327,7836,0
2328,3511,0
2329,24933,0
2330,12535,0
2331,5720,0
2332,11309,0
2333,10416,0
2334,5065,0
2335,20827,0
2336,6784,0
2337,8231,0
2338,10187,0
2339,8343,0
2340,20337,0
2341,28411,0
2342,29203,0
2343,22616,0
2344,10075,0
2345,29922,0
2346,7300,0
2347,24217,0
2348,259,0
2349,11330,0
2350,23796,0
2351,5348,0
2352,15781,0
2353,22551,0
2354,7648,0
2355,11524,0
2356,1822,0
2357,7825,0
2358,22877,0
2359,2341,0
2360,15694,0
2361,18379,0
2362,28512,0
2363,23915,0
2364,9292,0
2365,19663,0
2366,9303,0
2367,21173,0
2368,19883,0
2369,14961,0
2370,6924,0
2371,2990,0
2372,27175,0
2373,8079,0
2374,8057,0
2375,21931,0
2376,24990,0
2377,19513,0
2378,4121,0
2379,15218,0
2380,10414,0
2381,16729,0
2382,16046,0
2383,5191,0
2384,23216,0
2385,176,0
2386,23956,0
2387,14725,0
2388,19184,0
2389,25390,0
2390,24994,0
2391,6295,0
2392,10054,0
2393,25717,0
2394,11306,0
2395,13253,0
2396,23405,0
2397,28889,0
2398,12905,1
2399,4629,0
2400,27595,0
2401,13232,0
2402,6252,0
2403,21025,0
2404,12883,0
2405,5483,0
2406,4128,0
2407,2816,0
2408,29571,1
2409,18292,0
2410,28261,0
2411,29232,0
2412,17583,0
2413,17300,0
2414,15279,0
2415,8394,0
2416,5408,0
2417,10946,0
2418,19449,0
2419,23891,0
2420,18294,0
2421,3198,0
2422,25761,0
2423,3165,0
2424,18794,0
2425,4688,0
2426,20791,0
2427,20268,0
2428,6224,0
2429,19429,0
2430,13416,0
2431,21353,0
2432,20497,0
2433,5031,0
2434,15744,0
2435,22272,0
2436,9805,0
2437,23126,0
2438,24016,0
2439,6301,0
2440,9753,0
2441,8784,0
2442,6257,0
2443,17311,0
2444,20329,0
2445,10122,0
2446,5326,0
2447,27889,0
2448,17766,0
2449,18472,0
2450,2080,0
2451,15464,0
2452,8162,0
2453,3443,0
2454,25155,0
2455,18875,0
2456,22095,0
2457,170,0
2458,28169,0
2459,29855,0
2460,23969,0
2461,13941,0
2462,13145,0
2463,23600,0
2464,17641,0
2465,17095,0
2466,29073,0
2467,6707,0
2468,2943,0
2469,28948,0
2470,24396,0
2471,6492,0
2472,21107,0
2473,23949,0
2474,8187,0
2475,20224,0
2476,23854,0
2477,14817,0
2478,25278,0
2479,2485,0
2480,25350,0
2481,18941,0
2482,19628,0
2483,1741,0
2484,20137,0
2485,3825,0
2486,26955,0
2487,11691,0
2488,8150,0
2489,26372,0
2490,11950,0
2491,19138,0
2492,11857,0
2493,20877,0
2494,4033,0
2495,23023,0
2496,1781,0
2497,26718,0
2498,2337,0
2499,21213,0
2500,20947,0
2501,28293,0
2502,478,0
2503,16483,0
2504,16931,0
2505,4532,0
2506,14488,0
2507,24041,0
2508,21808,0
2509,20984,0
2510,24292,0
2511,1657,0
2512,10061,0
2513,2417,0
2514,18100,1
2515,18952,0
2516,13156,0
2517,14472,0
2518,8776,0
2519,29178,0
2520,14026,0
2521,10487,0
2522,26744,0
2523,27438,0
2524,6516,0
2525,1931,0
2526,3948,0
2527,18352,0
2528,317,0
2529,21536,0
2530,29934,0
2531,9832,0
2532,5305,0
2533,7291,0
2534,22024,0
2535,6799,0
2536,14394,0
2537,1481,0
2538,18195,0
2539,23644,0
2540,6846,0
2541,24582,0
2542,16588,0
2543,28341,0
2544,20100,0
2545,27954,0
2546,22385,0
2547,20217,0
2548,20428,0
2549,26591,0
2550,3509,0
2551,5686,0
2552,29487,0
2553,26673,0
2554,19003,0
2555,12419,0
2556,7405,0
2557,21258,0
2558,6865,0
2559,15809,0
2560,4483,0
2561,25966,0
2562,3074,0
2563,27821,0
2564,15499,0
2565,18269,0
2566,17719,0
2567,5107,0
2568,23676,0
2569,29919,0
2570,11925,0
2571,15560,0
2572,10251,0
2573,20614,0
2574,29083,0
2575,3638,0
2576,15739,0
2577,15393,0
2578,16371,0
2579,1302,0
2580,20513,0
2581,3759,0
2582,13026,0
2583,29960,0
2584,20740,0
2585,5106,0
2586,14518,0
2587,11755,0
2588,14222,0
2589,11753,0
2590,3543,0
2591,23080,0
2592,17683,0
2593,18942,0
2594,29842,0
2595,7275,0
2596,29102,0
2597,25242,0
2598,12049,0
2599,19760,0
2600,22500,0
2601,29928,0
2602,20256,0
2603,24716,0
2604,14587,0
2605,12632,0
2606,10178,0
2607,28494,0
2608,16436,0
2609,19143,0
2610,16824,0
2611,13328,0
2612,15876,0
2613,27764,0
2614,16561,0
2615,11535,0
2616,21198,0
2617,246,0
2618,4430,0
2619,18177,0
2620,17365,0
2621,27247,0
2622,25726,0
2623,14355,0
2624,8786,0
2625,7397,0
2626,7090,0
2627,13490,0
2628,13474,0
2629,19765,0
2630,7208,0
2631,14469,0
2632,22196,0
2633,10285,0
2634,9438,0
2635,21982,0
2636,8855,0
2637,5439,0
2638,7308,0
2639,22720,0
2640,19113,0
2641,19978,0
2642,683,0
2643,10959,0
2644,9437,0
2645,2213,0
2646,26299,0
2647,11049,0
2648,9092,0
2649,12223,0
2650,18858,0
2651,8528,0
2652,16855,0
2653,5504,0
2654,24172,0
2655,13547,0
2656,9290,0
2657,5693,0
2658,13554,0
2659,3888,0
2660,15139,1
2661,17137,0
2662,23903,0
2663,27370,0
2664,25885,0
2665,10590,0
2666,3737,0
2667,2832,0
2668,25,0
2669,11993,0
2670,24307,0
2671,7086,0
2672,10057,0
2673,13425,0
2674,27900,0
2675,7252,0
2676,8833,0
2677,18096,0
2678,13399,0
2679,27686,0
2680,15479,0
2681,10328,0
2682,10170,0
2683,26788,0
2684,10829,0
2685,18456,0
2686,7147,0
2687,14170,0
2688,17710,0
2689,218,0
2690,15767,0
2691,1340,0
2692,9457,0
2693,19354,0
2694,28153,0
2695,23414,0
2696,19511,0
2697,4513,0
2698,3090,0
2699,1926,0
2700,19544,0
2701,22376,0
2702,11153,0
2703,10431,0
2704,15659,0
2705,25331,0
2706,23611,0
2707,6351,0
2708,2846,0
2709,22143,0
2710,5244,0
2711,949,0
2712,443,0
2713,1544,0
2714,13597,0
2715,24878,0
2716,5567,0
2717,16303,0
2718,3425,0
2719,2642,0
2720,16208,0
2721,6450,0
2722,17288,0
2723,29112,0
2724,16094,0
2725,18464,0
2726,15134,0
2727,512,0
2728,27536,0
2729,18266,0
2730,7718,0
2731,25847,0
2732,10759,1
2733,20575,0
2734,24405,0
2735,28615,0
2736,14559,0
2737,26908,0
2738,24420,0
2739,18199,0
2740,5166,0
2741,19740,1
2742,11822,0
2743,23548,0
2744,14123,0
2745,10927,0
2746,9071,0
2747,5468,0
2748,2098,0
2749,17826,0
2750,20867,0
2751,28898,0
2752,5385,0
2753,23169,0
2754,7616,0
2755,22464,0
2756,8209,0
2757,25386,0
2758,17621,0
2759,3516,0
2760,24771,0
2761,5156,0
2762,17808,0
2763,3317,0
2764,17923,0
2765,26151,1
2766,21038,0
2767,25000,0
2768,12634,0
2769,136,0
2770,2782,0
2771,23171,0
2772,26427,0
2773,20906,0
2774,12463,0
2775,12525,0
2776,18869,0
2777,20648,0
2778,28486,0
2779,20886,0
2780,14038,0
2781,14112,0
2782,20959,0
2783,5003,0
2784,2903,0
2785,223,0
2786,8706,0
2787,23527,0
2788,18409,0
2789,7403,0
2790,4096,0
2791,6875,0
2792,12713,0
2793,28535,0
2794,21116,0
2795,11349,0
2796,366,0
2797,10485,0
2798,21199,0
2799,6126,0
2800,3961,0
2801,12331,0
2802,28919,0
2803,27381,0
2804,5654,0
2805,7100,0
2806,20219,0
2807,29050,0
2808,26210,0
2809,26397,0
2810,13594,0
2811,11814,0
2812,28104,0
2813,11632,0
2814,731,0
2815,23947,0
2816,24809,0
2817,26931,0
2818,26438,0
2819,26020,0
2820,10990,0
2821,1861,0
2822,19520,0
2823,15615,0
2824,22088,0
2825,23118,0
2826,29843,0
2827,16430,0
2828,16948,0
2829,9358,0
2830,22654,0
2831,16554,0
2832,28540,0
2833,12433,1
2834,1580,0
2835,9646,0
2836,20385,1
2837,29755,0
2838,23694,0
2839,14542,0
2840,24633,0
2841,27649,0
2842,1945,0
2843,14760,0
2844,17968,0
2845,27190,0
2846,20179,0
2847,4942,0
2848,7390,0
2849,8725,0
2850,23933,0
2851,6934,0
2852,7512,0
2853,960,0
2854,14978,0
2855,26911,0
2856,11795,0
2857,3064,0
2858,21903,0
2859,8283,0
2860,9702,0
2861,13581,0
2862,6453,0
2863,13771,0
2864,28934,0
2865,23229,0
2866,29685,0
2867,7468,0
2868,11769,0
2869,22570,0
2870,6955,0
2871,23102,0
2872,12803,0
2873,6274,0
2874,28689,0
2875,28298,1
2876,16918,0
2877,24182,0
2878,15163,0
2879,6903,0
2880,14650,0
2881,16004,0
2882,16849,0
2883,21063,0
2884,1825,0
2885,20691,0
2886,19154,0
2887,23398,0
2888,2926,0
2889,25680,0
2890,29900,0
2891,5926,0
2892,1525,0
2893,3297,0
2894,18543,0
2895,17946,0
2896,27343,0
2897,20734,0
2898,1740,0
2899,18137,0
2900,29892,0
2901,12889,0
2902,27157,0
2903,1889,0
2904,19482,0
2905,26378,0
2906,24755,0
2907,2030,0
2908,24196,0
2909,7605,0
2910,23767,0
2911,24597,0
2912,7659,0
2913,13918,0
2914,24847,0
2915,21547,0
2916,24024,0
2917,6477,0
2918,23011,0
2919,8087,0
2920,24271,0
2921,24091,0
2922,22907,0
2923,23826,0
2924,13007,0
2925,22136,0
2926,725,0
2927,16803,0
2928,20795,0
2929,17795,0
2930,9653,0
2931,24116,0
2932,23291,0
2933,19309,0
2934,628,0
2935,12240,0
2936,12782,0
2937,24961,0
2938,897,0
2939,2830,0
2940,6156,0
2941,15532,0
2942,27202,0
2943,25986,0
2944,15588,0
2945,20771,1
2946,15909,0
2947,15689,0
2948,15652,0
2949,7441,0
2950,18870,0
2951,27826,0
2952,22873,0
2953,763,0
2954,7109,0
2955,11603,0
2956,10281,0
2957,16619,0
2958,4925,0
2959,23921,0
2960,16514,0
2961,15359,0
2962,8968,0
2963,25804,0
2964,28947,0
2965,19351,0
2966,19557,0
2967,14272,0
2968,11746,0
2969,21100,0
2970,16000,0
2971,28759,0
2972,8467,0
2973,19423,0
2974,13047,0
2975,16582,0
2976,8646,0
2977,7062,0
2978,6627,0
2979,15824,0
2980,19405,0
2981,26877,0
2982,9857,0
2983,20444,0
2984,9810,0
2985,8703,0
2986,13072,0
2987,7788,0
2988,23803,0
2989,18220,0
2990,3276,0
2991,18539,0
2992,11589,0
2993,28200,0
2994,17453,0
2995,9815,0
2996,28533,0
2997,23594,0
2998,3891,0
2999,24435,0
